{
    "v": [
        -0.1781790405511856,
        0.2596206068992615,
        0.3862341642379761,
        0.4558117389678955,
        -0.13840916752815247,
        0.2243872880935669,
        -0.039241254329681396,
        -0.24119402468204498,
        -0.14884109795093536,
        -0.2263336032629013,
        0.32813775539398193,
        -0.18696913123130798,
        -0.18413075804710388,
        -0.14899179339408875
    ],
    "w": [
        0.12062102556228638,
        0.1872861236333847,
        -0.12187577784061432,
        -0.09130410104990005,
        0.0873098075389862,
        0.09668537229299545,
        0.03509711101651192,
        -0.06462277472019196,
        -0.11089318990707397,
        -0.14957880973815918,
        0.11755850911140442,
        -0.07014995813369751,
        -0.051759716123342514,
        -0.07992628216743469
    ],
    "b": 0.07024437934160233
}